SaddleType,LUTS,NumbScore,UTI,UTINum,Nodules,SaddleSores,IPSS,UrinaryFilling,UrinaryVoiding
Standard,5.568645066,1.586246625,0.323332452,2.957153298,0.227657998,0.307210143,6.887017734,4.2696095,2.645484816
Partial,6.214953271,1.140186916,0.401869159,2.317757009,0.205607477,0.14953271,7.826923077,4.764150943,3.019047619
Complete,6.263157895,2.210526316,0.473684211,2.631578947,0.210526316,0.421052632,7.789473684,4.105263158,3.684210526